{"cameraMode":{"drawMode":0,"name":"Shaded","section":"Shading Mode"},"sceneLighting":false,"audioPlay":false,"sceneViewState":{"showFog":true,"showMaterialUpdate":false,"showSkybox":false,"showFlares":true,"showImageEffects":true,"showParticleSystems":true},"in2DMode":false,"pivot":{"x":0.0,"y":0.12129999697208405,"z":0.06650000065565109},"rotation":{"x":0.14220775663852693,"y":-0.041265036910772327,"z":0.005858323071151972,"w":0.9890007972717285},"size":2.7144627571105959,"orthographic":false}